logo,url,category,name,description
https://www.voucherbox.co.uk/uploads/logos/bunches-flowers.jpg,https://www.voucherbox.co.uk/vouchers/bunches-flowers,flowers-and-gifts,Bunches,"Welcome to Bunches Flowers, the leading online florist for you to send flowers by post, luxury bouquets, luxury rose and helium balloons including UK delivery and free milk chocolates. Present your loved ones with a stunning bouquet of flowers today."
https://www.voucherbox.co.uk/uploads/logos/16-25-railcard.jpg,https://www.voucherbox.co.uk/vouchers/16-25-railcard,travel,16-25 Railcard,"Railway student fare - but cheaper! With 16-25 Railcard, railway travel in UK is simpler, cheaper and more organized. Intended for ages 16-25 and students aged over 25. A cheaper mode of travel for you to lower your education expenses.

 "
https://www.voucherbox.co.uk/uploads/logos/alibris.jpg,https://www.voucherbox.co.uk/vouchers/alibris,books-and-magazines,Alibris,"Great books and music - some of us need little more than that to have a happy life! At Alibris you&#39;ll find a solid collection of new and used books and music, for some of the lowest prices you&#39;ll find anywhere. Drop by for a visit and save!"
https://www.voucherbox.co.uk/uploads/logos/wiggle.jpg,https://www.voucherbox.co.uk/vouchers/wiggle,sports-and-outdoor,Wiggle,"Wiggle is store that stocks outdoor items to help you explore your environment in style and comfort. Whether you&#39;re looking to cycle, run, swim or train for the triathlon, they have you covered thanks to their affordable clothing and accessories.

 "
https://www.voucherbox.co.uk/uploads/logos/lenovo.jpg,https://www.voucherbox.co.uk/vouchers/lenovo,technology,Lenovo,"Lenovo is at the forefront of some of the world’s most well-known technology companies. Visit the online store now for technologically advanced laptops, netbooks, notebooks and tablets. Even workstations and servers are available online."
https://www.voucherbox.co.uk/uploads/logos/photobox.jpg,https://www.voucherbox.co.uk/vouchers/photobox,photography-and-print,Photobox,"If you are looking for online photo printing of your digital snapshots or would like to surprise someone with a unique photo gift, you will love what Photobox has to offer. From cards to wall décor and prints, you can let your imagination run wild."
https://www.voucherbox.co.uk/uploads/logos/ryman.jpg,https://www.voucherbox.co.uk/vouchers/ryman,flowers-and-gifts,Ryman,"Ryman is one of the UK&#39;s best stationery shops. The store specialises in things like diaries, various office supplies and even things like digital storage. You&#39;ll find everything you need for the office and for school at Ryman."
https://www.voucherbox.co.uk/uploads/logos/holiday-extras.jpg,https://www.voucherbox.co.uk/vouchers/holiday-extras,other,Holiday Extras,"Making holiday arrangements since 1983, Holiday Extras is now a leading pre-booked UK hotels and parking service provider. The 08/09 155 million Pounds turnover allowed them to expand their office at The Wave, Newingreen, Kent County, UK."
https://www.voucherbox.co.uk/uploads/logos/hewlett-packard.jpg,https://www.voucherbox.co.uk/vouchers/hp,office,HP,"HP has been one of the biggest names in the world of technology for a reason. Find your laptop, tablet, printer, PC&#39;s, moniters, and much, much more at HP! Also, if you&#39;re a student, you may find some great deals!"
https://www.voucherbox.co.uk/uploads/logos/warranty-wise.jpg,https://www.voucherbox.co.uk/vouchers/warranty-wise,other,Warranty Wise,"As the wise and intelligent person you are, you like to protect yourself from the problems that life tends to throw your way. You know that your vehicle is prone to damage - wrecks, natural disaster, and more. Visit Warranty Wise to cover your bases."
https://www.voucherbox.co.uk/uploads/logos/hassle-com.jpg,https://www.voucherbox.co.uk/vouchers/hassle,other,Hassle,"If you are looking to book a trusted cleaner in your city, Hassle is here to help. With many home cleaning options to choose from as well as amazingly affordable rates, Hassle hopes to win you over as a customer. All of Hassle&#39;s cleaning services are backed by a 100% money-back guarantee."
https://www.voucherbox.co.uk/uploads/logos/philips.jpg,https://www.voucherbox.co.uk/vouchers/philips,technology,Philips,"Philips is a respected German technology brand that offers you a wide range of personal care items, sound and vision products as well as household gadgets. Also shop the online store for lighting and plenty of other useful accessories."
https://www.voucherbox.co.uk/uploads/logos/jd-sports.jpg,https://www.voucherbox.co.uk/vouchers/jd-sports,shoes,JD Sports,"Visit JD Sports for all the sporting needs of men, women and kids. Buy footwear, clothing and fitness gear for running, football, rugby or basketball. Shop brands like Adidas, Nike, Brookhaven, McKenzie, Puma, New Era and more."
https://www.voucherbox.co.uk/uploads/logos/watchwarehouse.jpg,https://www.voucherbox.co.uk/vouchers/watchwarehouse,jewellery-and-watches,WatchWarehouse,"The Watch Warehouse offers a wide variety of watches for men and women ranging from economy brands to luxury brands and also offers jewellery – rings, necklaces earrings, bracelets and cufflinks as well as accessories such as wallets."
https://www.voucherbox.co.uk/uploads/logos/achica.jpg,https://www.voucherbox.co.uk/vouchers/achica,home-and-pets,ACHICA,"ACHICA is the ultimate luxury lifestyle group store if you&#39;re interested in branded accessories. ACHICA offers daily savings, as well as great brands at low prices. Discounts and promotions at its best!"
https://www.voucherbox.co.uk/uploads/logos/vision-direct.jpg,https://www.voucherbox.co.uk/vouchers/vision-direct,health-and-beauty,Vision Direct,
https://www.voucherbox.co.uk/uploads/logos/abel-cole.jpg,https://www.voucherbox.co.uk/vouchers/abel-cole,health-and-beauty,Abel & Cole,"Stock up your kitchen with the help of Abel & Cole. Order your weekly requirements of organic fruits, vegetables, dairy products, eggs, breads, meat, fishes, frozen foods, juices and other drinks, groceries and much more. Freshly made juices & soups also available."
https://www.voucherbox.co.uk/uploads/logos/mankind.jpg,https://www.voucherbox.co.uk/vouchers/mankind,health-and-beauty,Mankind,"Male grooming, skincare and shaving products gain a new importance in the Mankind online store. Even fragrances, body and hair care products as well as clothing are available in this shop that caters exclusively to the needs of savvy men!"
https://www.voucherbox.co.uk/uploads/logos/beauty-expert.jpg,https://www.voucherbox.co.uk/vouchers/beauty-expert,health-and-beauty,Beauty Expert,"Come to the Beauty Expert online store if you are looking to enhance your natural beauty and shop for some amazing skincare items. The make up, hair care, styling and nail products as well as the fragrances deserve to be mentioned also."
https://www.voucherbox.co.uk/uploads/logos/bhs.jpg,https://www.voucherbox.co.uk/vouchers/bhs,home-and-pets,BHS,"Head over to BHS U.K for a selection of the best fashions for you and your family. They also stock home and lighting accessories, making it a one stop shop for all your interior needs. Order goods worth more than £25 and get free U.K delivery!"
https://www.voucherbox.co.uk/uploads/logos/fragrance-direct.jpg,https://www.voucherbox.co.uk/vouchers/fragrance-direct,health-and-beauty,Fragrance Direct,"Fragrance Direct has a wide selection of cheap women&#39;s fragrance and men&#39;s aftershave to help you stay on top of your personal grooming regime. The online store also stocks various beauty items, tanning products and bath and body essentials."
https://www.voucherbox.co.uk/uploads/logos/neom.jpg,https://www.voucherbox.co.uk/vouchers/neom,health-and-beauty,NEOM,"Imagine life without the sense of smell. So much of our life experience would be taken away with a sense we often take for granted! Some smells awaken the fondest memories, and many aromas promote relaxation - shop NEOM for candles and more!"
https://www.voucherbox.co.uk/uploads/logos/sunglasses-shop.jpg,https://www.voucherbox.co.uk/vouchers/sunglasses-shop,health-and-beauty,Sunglasses Shop,"From the entire Ray-Ban sunglasses collection to the full Oakley catalogue, Sunglasses Shop is your retailer for sunglasses at affordable price. Protect your eyes from the harmful U.V. rays of the sun so that your vision will stay well as long as possible."
https://www.voucherbox.co.uk/uploads/logos/smart-buy-glasses.jpg,https://www.voucherbox.co.uk/vouchers/smart-buy-glasses,health-and-beauty,SmartBuyGlasses,Sometimes you wear your sunglasses because your eyes feel like they&#39;re burning - other times it&#39;s bright but bearable; it&#39;s just nice to have the option to add a certain edge to your look. At Smart Buy Glasses you&#39;ll find function and beauty.
https://www.voucherbox.co.uk/uploads/logos/feel-good-contact-lenses.jpg,https://www.voucherbox.co.uk/vouchers/feel-good-contact-lenses,health-and-beauty,Feel Good Contact Lenses,"Feel Good Contact Lenses is an online contact lens supplier which stocks a wide range of leading brands including Acuvue, Johnson and Johnson, Bausch and Lomb, Ciba Vision and Cooper Vision. Cut out the hassle when you buy contact lenses online."
https://www.voucherbox.co.uk/uploads/logos/l-occitane.jpg,https://www.voucherbox.co.uk/vouchers/l-occitane,health-and-beauty,L'Occitane,"L’Occitane is known for its divine French skincare products. Here, you can find some truly lush face care, fragrance and body and bath products that will leave a luxurious feel. Also indulge when buying the rich hair care products.

 "
https://www.voucherbox.co.uk/uploads/logos/car-parts-for-less.jpg,https://www.voucherbox.co.uk/vouchers/car-parts-for-less,motoring,Car Parts For Less,
https://www.voucherbox.co.uk/uploads/logos/google-play.jpg,https://www.voucherbox.co.uk/vouchers/google-play,games-music-and-movies,Google Play,"Visit the Google Play store to download a ton of apps for your Android phone. In addition, you will also find magazines, TV shows, books, music, movies and games here. Keep in mind that you will need to create a Google Play account in order to be able to download any of these items."
https://www.voucherbox.co.uk/uploads/logos/sky.jpg,https://www.voucherbox.co.uk/vouchers/sky,games-music-and-movies,Sky,Sky is one of the UK&#39;s most popular television service suppliers. They&#39;ve been doing it since 1989 when their business originally launched. And ever since they&#39;ve had an uncompromised commitment to quality customer service. Now you&#39;ll find far more than just television service while shopping their large online store.
https://www.voucherbox.co.uk/uploads/logos/hive.jpg,https://www.voucherbox.co.uk/vouchers/hive,games-music-and-movies,Hive,"If you love to buy books, eBooks, Dvds, Music Cds and stationery online, then check out Hive and help support your local independent bookshop. Shop locally online and check out bestseller books for your picking. Enjoy an escapade of reading."
https://www.voucherbox.co.uk/uploads/logos/spotify.jpg,https://www.voucherbox.co.uk/vouchers/spotify,games-music-and-movies,Spotify,"Spotify offers music for everyone! Give this digital music service a try and access millions of songs at home or on the go. Of course, Spotify not only offers a web player, but you can download the Spotify app as well. Subscribe now to enjoy Spotify without any commercials!"
https://www.voucherbox.co.uk/uploads/logos/exante-diet.jpg,https://www.voucherbox.co.uk/vouchers/exante-diet,health-and-beauty,Exante Diet,"Dieting is hard and sometime strenuous. It can seem impossible to keep track of all of those calories, let alone ensure that your nutrient intake is healthy! If you have problems with dieting, Exante Diet&#39;s total meal replacement may be your solution!"
https://www.voucherbox.co.uk/uploads/logos/gameseek.jpg,https://www.voucherbox.co.uk/vouchers/gameseek,games-music-and-movies,GameSeek,"GameSeek offers a large selection of new and used console and video games at amazingly affordable prices. Whether you are looking for PS4, Xbox One or PS3 games, there is something for almost any gamer at this online store. Also shop for books, electronics, DVDs, toys, gadgets and even clothing at GameSeek as well."
https://www.voucherbox.co.uk/uploads/logos/red-hot-sunglasses.jpg,https://www.voucherbox.co.uk/vouchers/red-hot-sunglasses,health-and-beauty,Red Hot Sunglasses,"Red Hot Sunglasses Is a designer of high fashion sunglasses and eyewear. They also have a variety of luxury fashion sunglasses for both men and women. So if you love to stay up to date with the latest trends, then Red Hot Sunglasses will have the styles you&#39;re looking for."
https://www.voucherbox.co.uk/uploads/logos/365-games.jpg,https://www.voucherbox.co.uk/vouchers/365-games,games-music-and-movies,365 Games,"The 365 Games online store offers you the latest game consoles and video games for your entertainment at home. Whether you are shopping for Xbox 360, PS4, PC, Nintendo 3DS or nearly any other type of game, you should be able to find what you are looking for. Also check out the special offers on computer games."
https://www.voucherbox.co.uk/uploads/logos/house-of-bath.jpg,https://www.voucherbox.co.uk/vouchers/house-of-bath,home-and-pets,House of Bath,"The House of Bath online store helps you turn your house into a home. From furniture to home décor, textiles, electricals and home solutions, these products allow you to really get created and turn your interior decorating visions into a reality."
https://www.voucherbox.co.uk/uploads/logos/laura-ashley.jpg,https://www.voucherbox.co.uk/vouchers/laura-ashley,home-and-pets,Laura Ashley,"Laura Ashley is an online store that sells home furnishings, furniture, fashion items, and children&#39;s wear. They are also famous for their made-to-order furniture and home ornaments. Laura Ashley has already spread globally, in major cities worldwide!"
https://www.voucherbox.co.uk/uploads/logos/hbo.jpg,https://www.voucherbox.co.uk/vouchers/hbo,games-music-and-movies,HBO,"HBO U.K is your one stop shop for all your entertainment needs. Whether you&#39;re looking for quality American entertainment or a Brit flick for the weekend, you&#39;ll get everything your heart desires. Buy box sets or download your favorite series today!"
https://www.voucherbox.co.uk/uploads/logos/24ace.jpg,https://www.voucherbox.co.uk/vouchers/24ace,home-and-pets,24Ace,24Ace has grown mightily since their inception in 1962. What was once a simple catalogue ordering service has now blossomed to become a mulit-channel product supply company. You&#39;ll be able to find virtually everything under the sun in one of their catalogues or website. Find a great product at a low cost today.
https://www.voucherbox.co.uk/uploads/logos/b-q.jpg,https://www.voucherbox.co.uk/vouchers/b-q,home-and-pets,B&Q,"B&Q stocks an extensive selection of kitchen, bathroom and garden items and supplies. It is the largest such retailer in the U.K and the third largest in the world and offers free home delivery for orders above 50 pounds."
https://www.voucherbox.co.uk/uploads/logos/i-want-one-of-those.jpg,https://www.voucherbox.co.uk/vouchers/i-want-one-of-those,home-and-pets,I Want One of Those,"At I Want One of Those, you will find the gift ideas, gadgets and toys hard to resist. Throw the perfect party with these little helpers and discover plenty of cool stuff that “you really, really want”. This place is like a gadget candy store."
https://www.voucherbox.co.uk/uploads/logos/musicroom.jpg,https://www.voucherbox.co.uk/vouchers/musicroom,games-music-and-movies,Musicroom,Are you interested in learning an instrument? Musicroom has everything you need. They have high quality starter instruments and a wide variety of accessories. They even have song books and DVDs that will help you learn. Start playing today.
https://www.voucherbox.co.uk/uploads/logos/new-look.jpg,https://www.voucherbox.co.uk/vouchers/new-look,shoes,New Look,"New Look is the British fashion retailer that has been in the business for over 40 years and operates over 1150 stores all over the world. Catering to teens and adults of all body types, the retailer sells clothes, shoes and accessories."
https://www.voucherbox.co.uk/uploads/logos/brandalley.jpg,https://www.voucherbox.co.uk/vouchers/brandalley,shoes,BrandAlley,"BrandAlley is the store for non-stop designer sales. Clothing and shoes for men, women and kids, sleepwear, swimwear, lingerie, designer stationery, cookware, bed linen, kitchen items, beauty products. You can also buy theatre tickets at BrandAlley."
https://www.voucherbox.co.uk/uploads/logos/game.jpg,https://www.voucherbox.co.uk/vouchers/game,games-music-and-movies,GAME,"If you consider yourself a real gamer, you should visit the GAME online store to shop for the latest consoles as well as the corresponding games. From the Xbox One to PS4. WiiU, PC vita or tablet and PC games, you will not be disappointed."
https://www.voucherbox.co.uk/uploads/logos/missguided.jpg,https://www.voucherbox.co.uk/vouchers/missguided,shoes,Missguided,"Look trendy and fabulous thanks to the latest collections found at Missguided. The online store stocks clothing, dresses, footwear and accessories all at throwaway prices to for young, upwardly mobile modern women. Join the fashion revolution today!"
https://www.voucherbox.co.uk/uploads/logos/walls-and-floors.jpg,https://www.voucherbox.co.uk/vouchers/walls-and-floors,home-and-pets,Walls and Floors,"Walls and Floors has become one of the most well-known tile providers, from vibrant wall tiles to essential floor tiles. Its top quality, affordable tiles are available in a range of designs, finishes, colours and effects."
https://www.voucherbox.co.uk/uploads/logos/route-one.jpg,https://www.voucherbox.co.uk/vouchers/route-one,shoes,Route One,"Route One is the hotspot for all skaters. If you want to look stylish while riding your board, snatch up some of the trendy clothing, footwear and accessories at this online store. You can even find that hot new, brand name skateboard here."
https://www.voucherbox.co.uk/uploads/logos/charles-tyrwhitt.jpg,https://www.voucherbox.co.uk/vouchers/charles-tyrwhitt,shoes,Charles Tyrwhitt,Charles Tyrwhitt is a multichannel retailer offering tailored suits for both men and women at reasonable prices. You can also get shoes and accessories at superior quality for your money. You also get a 6 month money back guarantee on all items!
https://www.voucherbox.co.uk/uploads/logos/surfdome.jpg,https://www.voucherbox.co.uk/vouchers/surfdome,shoes,Surfdome,"Surfdome is a lifestyle shopping retailer that is known for its great selection of casual wear such as jeans, jackets, boots and hoodies. The store boasts of award winning service given by Shopzilla thanks to its commitment to customer satisfaction."
https://www.voucherbox.co.uk/uploads/logos/aldo.jpg,https://www.voucherbox.co.uk/vouchers/aldo,shoes,ALDO,"Aldo is a company that was built to function different than your typical modern fashion company. They believe in having both compassion and ethics as key parts of their business. Due to their commitment to people, they&#39;ve created a team of individuals who are dedicated to bringing their customers quality fashion."
https://www.voucherbox.co.uk/uploads/logos/moss-bros.jpg,https://www.voucherbox.co.uk/vouchers/moss-bros,shoes,Moss Bros,"If you love stylish suits, shirts, ties and coats, then you will love Moss Bros. It is the leading suit hire company in the UK. Hire a suit in store for special occasions including weddings, black tie parties and the Royal Ascot."
https://www.voucherbox.co.uk/uploads/logos/burton-menswear-london.jpg,https://www.voucherbox.co.uk/vouchers/burton,shoes,Burton,"Adopt an effortless style thanks to Burton Menswear London. Whether you&#39;re looking to update your suit collection or want to purchase high quality casual clothing, Burton Menswear is the shop to visit for great discounts and the latest fashions."
https://www.voucherbox.co.uk/uploads/logos/miss-selfridge.jpg,https://www.voucherbox.co.uk/vouchers/miss-selfridge,shoes,Miss Selfridge,"The product range at Miss Selfridge consists of apparel for young and trendy women. You can also purchase the perfect shoes and accessories to complement your outfit or order petite sizes. Even for going out, you are sure to find the right look."
https://www.voucherbox.co.uk/uploads/logos/select.jpg,https://www.voucherbox.co.uk/vouchers/select,shoes,Select,"Select handbags, clothing, shoes and accessories for the fashion conscious women are now available at this online store. The emphasis is both on trendy designs as well as affordable fashion lines that most customers will easily be able to afford."
https://www.voucherbox.co.uk/uploads/logos/micksgarage.jpg,https://www.voucherbox.co.uk/vouchers/micksgarage,motoring,MicksGarage,"Find out car parts and car accessories online from MicksGarage, the car parts experts. Free delivery, top brands with low prices on over a million parts and accessories. Discover this one-stop store for all your car needs."
https://www.voucherbox.co.uk/uploads/logos/halfords-autocentre.jpg,https://www.voucherbox.co.uk/vouchers/halfords-autocentre,motoring,Halfords Autocentre,"Halfords Autocentr is a car service company in the UK. They&#39;re skilled in auto repairs, car services, MOT testing, emission tests, brakes, tyres, exhausts and car air conditioning services. For sure car safety and maintenance go to Halfords Autocentre!"
https://www.voucherbox.co.uk/uploads/logos/gsf-car-parts.jpg,https://www.voucherbox.co.uk/vouchers/gsf-car-parts,motoring,GSF Car Parts,"Shop for discount car parts at the GSF Car Parts online store today. Fast delivery is also offered no matter what kinds of car parts you are shopping for. From parts and batteries for your VW, BMW or Ford to motor oil and part cleaners, have a look at the GSF Car Parts range."
https://www.voucherbox.co.uk/uploads/logos/hpi-check.jpg,https://www.voucherbox.co.uk/vouchers/hpi-check,motoring,HPI Check,HPI Check was the very first company to introduce the service of used car checks in the year 1938. Since then they&#39;ve done nothing but gain more experience in the industry. If you need to check the history of a used car before purchasing it you can be sure HPI will give you quality service every time.
https://www.voucherbox.co.uk/uploads/logos/vue-cinemas.jpg,https://www.voucherbox.co.uk/vouchers/vue-cinemas,games-music-and-movies,Vue Cinemas,"Look up local showtimes for your favourite new films or get your Vue Cinemas film tickets online. You will find trailers, film listings, Vue Cinema theatre locations and movie times along with reviews on the company website. With cinema locations all across the UK, you can hardly go wrong at Vue Cinemas."
https://www.voucherbox.co.uk/uploads/logos/halfords.jpg,https://www.voucherbox.co.uk/vouchers/halfords,motoring,Halfords,"Check out the Halfords online store if you are interested in bikes, cycling clothing, GPS systems or car accessories. Also consider the camping accessories and travel and touring gear if you are planning on embarking on an outdoor adventure soon."
https://www.voucherbox.co.uk/uploads/logos/f1-autocentres.jpg,https://www.voucherbox.co.uk/vouchers/f1-autocentres,motoring,F1 Autocentres,"With all of the other places to go, F1 Autocentres is an outstanding example of a motorists&#39; one stop shop. You&#39;ll feel more than confident to hand over the keys to your baby as you walk into their clean and modern shop and talk to one of there highly trained professionals. "
https://www.voucherbox.co.uk/uploads/logos/euro-car-parts.jpg,https://www.voucherbox.co.uk/vouchers/euro-car-parts,motoring,Euro Car Parts,"Euro Car Parts is one of the leading UK providers for car parts. With more than 180 branches, it is easy to find a Euro Car Parts location near you. You can get free shipping on your entire order and Euro Car Parts even offers batteries, engine oil and various types of accessories in addition to car parts."
https://www.voucherbox.co.uk/uploads/logos/national-tyres.jpg,https://www.voucherbox.co.uk/vouchers/national-tyres,motoring,National Tyres,"National Tyres has partnered with well over 1,000 specialists all across the UK in order to be able to take care of your car repair or tyre fitting. Book your appointment for your oil change online and benefit from some very special National Tyres offers that will help you save."
https://www.voucherbox.co.uk/uploads/logos/kickers.jpg,https://www.voucherbox.co.uk/vouchers/kickers,baby-and-toys,Kickers,Kickers shoes and footwear can now be purchased at never before seen prices. Send your children to school with these comfortable trainers or purchase elegant and comfortable footwear for your self. The Kickers online store is always on trend!
https://www.voucherbox.co.uk/uploads/logos/kaleidoscope.jpg,https://www.voucherbox.co.uk/vouchers/kaleidoscope,shoes,Kaleidoscope,"Buy fashionable ladies clothes online that are designed to be different at the Kaleidoscope store today. From seasonal tops, to bags, coats, jackets, accessories and more, you&#39;ll find something that suits your individual style in a heartbeat."
https://www.voucherbox.co.uk/uploads/logos/pumpkin-patch.jpg,https://www.voucherbox.co.uk/vouchers/pumpkin-patch,baby-and-toys,Pumpkin Patch,"Surprise your kids with quality clothing thanks to Pumpkin Patch. Whether you&#39;re looking for something for your baby, toddler or yourself, you&#39;ll find cute children&#39;s and maternity outfits, all at unbelievable prices and great quality."
https://www.voucherbox.co.uk/uploads/logos/deichmann.jpg,https://www.voucherbox.co.uk/vouchers/deichmann,baby-and-toys,Deichmann,"Deichmann is a well-known discount shoe retailer that offers comfortable and trendy footwear for your entire family. In addition, you can also purchase a plethora of accessories, such as hats, handbags and scarves at this online store. Whether you are looking for high heels or running shoes, Deichmann has it all."
https://www.voucherbox.co.uk/uploads/logos/tyre-shopper.jpg,https://www.voucherbox.co.uk/vouchers/tyre-shopper,motoring,Tyre Shopper,Tyre Shopper has redefined the way people purchase tyres! They stock all major brands and offer the lowest price guarantee. Finding the best suited tyre for your vehicle has become much simpler with this online store. Pay using credit/debit card or Paypal.
https://www.voucherbox.co.uk/uploads/logos/cloggs.jpg,https://www.voucherbox.co.uk/vouchers/cloggs,baby-and-toys,Cloggs,"Cloggs has long been a name synonymous with footwear. Shop for men, women and kids’ shoes. Pick boots, sneakers, high heeled and wedge heeled shoes, lace up boots, flat shoes, stilettos and a whole lot more."
https://www.voucherbox.co.uk/uploads/logos/la-redoute.jpg,https://www.voucherbox.co.uk/vouchers/la-redoute,baby-and-toys,La Redoute,"La Redoute is a known UK retailer for French fashion. Women, men and children can dress in style with these lovely designs. Also shop for accessories and shoes that will perfectly complete your outfit. The store even carries plus sizes!

 "
https://www.voucherbox.co.uk/uploads/logos/baker-ross.jpg,https://www.voucherbox.co.uk/vouchers/baker-ross,baby-and-toys,Baker Ross,"Browse over 4,000 arts and crafts items in the Baker Ross website and cataloge! This business has been family owned and run since 1974 - Baker Ross has all sorts of arts and crafts, run by a staff of 80 employees located in Walthamstow, London."
https://www.voucherbox.co.uk/uploads/logos/sainsbury-s.jpg,https://www.voucherbox.co.uk/vouchers/sainsburys,baby-and-toys,Sainsburys,"Sainsbury’s now also caters to its customers’ needs online with food and drink items as well as a whole department store range of gadgets, appliances and technology items. The store even has fun toys, eBooks and unique gift ideas in stock."
https://www.voucherbox.co.uk/uploads/logos/asda-groceries.jpg,https://www.voucherbox.co.uk/vouchers/asda-groceries,baby-and-toys,ASDA,"ASDA stocks all your household items, electronics and groceries in one convenient site. Whether you&#39;re looking for stake for tonight&#39;s dinner or back to school supplies for the little ones, ASDA has all of this and more at bargain prices."
https://www.voucherbox.co.uk/uploads/logos/legoland-windsor-resort.jpg,https://www.voucherbox.co.uk/vouchers/legoland-windsor-resort,baby-and-toys,LEGOLAND Holidays,"Book a family vacation with LEGOLAND Holidays. This resort offers a place to stay, food/drink, and best of all, the LEGOLAND park. This park has a variety of activities, including over 50 rides and attractions. Book your stay today."
https://www.voucherbox.co.uk/uploads/logos/smyths-toys.jpg,https://www.voucherbox.co.uk/vouchers/smyths-toys,baby-and-toys,Smyths,"Do you have kid you want to spoil? Maybe your a grandparent, or a parent, or even a sibling or friend - whatever the case, children love toys, and Smyth&#39;s Toys is the perfect place to find great deals on great toys. Visit today for great savings! "
https://www.voucherbox.co.uk/uploads/logos/chester-zoo.jpg,https://www.voucherbox.co.uk/vouchers/chester-zoo,other,Chester Zoo,"Chester Zoo will show you some of the world&#39;s most amazing and exotic animals. You&#39;ll be able to see more than just lions, and tigers, and bears. It doesn&#39;t matter how old you are, seeing these animals is a perfect way to spend an afternoon. Come and visit today!"
https://www.voucherbox.co.uk/uploads/logos/insurefor-com.jpg,https://www.voucherbox.co.uk/vouchers/insurefor-com,other,Insurefor,Security instills confidence. Protecting our hard-earned money and assets is a top priority because we enjoy the comfort of safety and security. And there&#39;s nothing wrong with that. Cheap Travel Insurance can help you protect what&#39;s yours.
https://www.voucherbox.co.uk/uploads/logos/john-lewis-home-insurance.jpg,https://www.voucherbox.co.uk/vouchers/john-lewis-home-insurance,other,John Lewis Insurance,"The John Lewis Home Insurance packages will give you peace of mind that is priceless. Make sure that your family, pets, home and other belongings are protected in emergency situations so that you no longer have to fear for their well-being."
https://www.voucherbox.co.uk/uploads/logos/alton-towers-resort.jpg,https://www.voucherbox.co.uk/vouchers/alton-towers-resort,other,Alton Towers,"Give your your children a treat this weekend. Visit Alton Towers Resort, Britain&#39;s most loved theme park. It showcases great attractions and rides that your kids will love. A perfect family getaway from the stress of life and work!"
https://www.voucherbox.co.uk/uploads/logos/parcel2go.jpg,https://www.voucherbox.co.uk/vouchers/parcel2go,other,Parcel2go,"Need to deliver something? Choose Parcel2Go. They offer great rates when shipping anywhere in the UK, and even offer international shipping. Their couriers include FedEx, ParcelForce, UPS, TNT Express, and many more. Get a quote today."
https://www.voucherbox.co.uk/uploads/logos/flexicover-direct.jpg,https://www.voucherbox.co.uk/vouchers/flexicover-direct,other,Flexicover,"Flexicover is your travel insurance specialist in the UK. Whether you are planning a single trip, annual multi-trip, a gap year, long stay or winter sports vacation. Flexicover has got you covered in the case of any unforeseen emergencies."
https://www.voucherbox.co.uk/uploads/logos/bondara.jpg,https://www.voucherbox.co.uk/vouchers/bondara,other,Bondara,"Bondara sex toys and adult toys. The leading Adult toy retailer in UK, Bondara is the largest online seller of adult toys in UK. Males sex toys, vibrators, strap-ons, lubricants, costumes, and lingeries - they&#39;ve got it all. Time to get sexy."
https://www.voucherbox.co.uk/uploads/logos/sarenza.jpg,https://www.voucherbox.co.uk/vouchers/sarenza,baby-and-toys,Sarenza,"The Sarenza online store is “your ultimate shoe closet”. If you are passionate about your footwear, you can now shop for the latest trends for men, women and kids. Do not miss out on the trendy bags. Check out the private sale for special savings."
https://www.voucherbox.co.uk/uploads/logos/netflix.jpg,https://www.voucherbox.co.uk/vouchers/netflix,other,Netflix,"Netflix has taken the world by storm. Offering a wide variety of TV shows, movies and documentaries, you&#39;re sure to entertained. You will even have suggestions on new shows that you might like based on your viewing history. Try it today, and change the way to you watch TV forever."
https://www.voucherbox.co.uk/uploads/logos/gatwick-airport-parking.jpg,https://www.voucherbox.co.uk/vouchers/gatwick-airport-parking,other,Gatwick Airport Parking,Gatwick Airport Parking takes the headache out of parking at the airport. Pre-book your affordable parking arrangement for your favourite London airport here and never worry about your car again while you are enjoying your dream vacation.
https://www.voucherbox.co.uk/uploads/logos/butlins.jpg,https://www.voucherbox.co.uk/vouchers/butlins,other,Butlins,"A perfect weekend getaway in the UK. Founded in 1936, Butlins continues to offer quality affordable services. They offer beach-side accommodations, outdoor adventures, and inland resorts. Times have changed but service gets even better at Butlins!"
https://www.voucherbox.co.uk/uploads/logos/taskrabbit.jpg,https://www.voucherbox.co.uk/vouchers/taskrabbit,other,TaskRabbit,
https://www.voucherbox.co.uk/uploads/logos/elvi.jpg,https://www.voucherbox.co.uk/vouchers/elvi,jewellery-and-watches,Elvi,"Get the most exclusive range of plus size ladies fashion items at Elvi. Browse their beautiful collection of plus sizes and buy online today. Now for the well-endowed ladies, there is a channel to purchase your stunning clothes online."
https://www.voucherbox.co.uk/uploads/logos/kabbee.jpg,https://www.voucherbox.co.uk/vouchers/kabbee,other,Kabbee,"Kabbee is a unique app that gives you access to minicabs in London. If you want to safely make it to your final destination for a fixed price, you should rely on Kabbee. Moreover, you can even earn miles in order to secure some exciting upgrades and other amazing Kabbee perks."
https://www.voucherbox.co.uk/uploads/logos/peruvian-connection.jpg,https://www.voucherbox.co.uk/vouchers/peruvian-connection,jewellery-and-watches,Peruvian Connection,Peruvian Connection brings upscale clothing made from unique fibres of alpaca and pima cotton. You can also find amazing art from the Andes region and other interesting artifacts for your home. Peruvian Connection brings you many different cultural pieces that you&#39;ll be sure to enjoy for years to come.
https://www.voucherbox.co.uk/uploads/logos/pia-jewellery.jpg,https://www.voucherbox.co.uk/vouchers/pia-jewellery,jewellery-and-watches,Pia Jewellery,"Pia Jewellery is an independent online store that brings you some rather unique 925 silver jewellery. In addition, you can also make a strong fashion statements with the trendy watches, bags and hip accessories that you will find in the store."
https://www.voucherbox.co.uk/uploads/logos/watches2u.jpg,https://www.voucherbox.co.uk/vouchers/watches2u,jewellery-and-watches,Watches2U,"If you want to have time on your side, check out the fabulous pieces on offer at Watches 2 U today. Whether you&#39;re looking for something exquisite like a Swiss masterpiece or a simple watch, you&#39;ll find everything your heart desires."
https://www.voucherbox.co.uk/uploads/logos/accessorize.jpg,https://www.voucherbox.co.uk/vouchers/accessorize,jewellery-and-watches,Accessorize,"Accessorize is any fashion lover’s dream. For here you will find the bags, jewellery and shoes as well as other accessories that will give your outfit the perfect touch. Accessorize is always on trend and provides you with many gift ideas as well."
https://www.voucherbox.co.uk/uploads/logos/goldsmiths.jpg,https://www.voucherbox.co.uk/vouchers/goldsmiths,jewellery-and-watches,Goldsmiths,"If you are looking to purchase a prestigious timepiece, you should head on over to the Goldsmiths store. The brand has been an expert in all things diamonds, jewellery and watches since 1778 and operates multiple showrooms throughout the UK. However, you will find the largest range of engagement rings, necklaces and much more online."
https://www.voucherbox.co.uk/uploads/logos/tic-watches.jpg,https://www.voucherbox.co.uk/vouchers/tic-watches,jewellery-and-watches,TIC Watches,"Buy fabulous designer watches and timepieces and never be late for that meeting today. TIC Watches stocks an affordable array of stunning watches from brand names such as Armani and Tissot, all at the best possible price for members of the public."
https://www.voucherbox.co.uk/uploads/logos/groupon.jpg,https://www.voucherbox.co.uk/vouchers/groupon,other,Groupon,"Groupon is every online shopper&#39;s haven. They offer stuff you want at extremely low prices, from shops near you! Product choices include beauty products and service coupons, eye wear, tour coupons, food discounts, gadgets and apparel."
https://www.voucherbox.co.uk/uploads/logos/links-of-london.jpg,https://www.voucherbox.co.uk/vouchers/links-of-london,jewellery-and-watches,Links of London,"Links of London is an iconic jewellers offering a sophisticated range of men’s and women’s jewellery, watches, gifts and accessories. Founded in 1990, Links of London is a brand that oozes quality and unique British style, making sure each new season brings with it a fresh and elegant look."
https://www.voucherbox.co.uk/uploads/logos/john-greed-jewellery.jpeg,https://www.voucherbox.co.uk/vouchers/john-greed-jewellery,jewellery-and-watches,John Greed,"John Greed Jewellery is an online store that presents you with a large collection of trendy fashion jewellery brands. Pick out dashing charm bracelets, earrings or rings for men as well as men or find a great jewellery gift for a loved one."
https://www.voucherbox.co.uk/uploads/logos/jon-richard.jpg,https://www.voucherbox.co.uk/vouchers/jon-richard,jewellery-and-watches,Jon Richard,Vintage. Beautiful. Unique. Jon Richard features fine jewellery and accessories at unbelievably low prices. They offer a wide variety of collections and styles. Browse the shop today. You&#39;ll find something that you’ll fall in love with.
https://www.voucherbox.co.uk/uploads/logos/motorola.jpg,https://www.voucherbox.co.uk/vouchers/motorola,mobile-and-broadband,Motorola,The Motorola online store offers a wide selection of innovative Android smartphones as well as the matching mobile phone accessories. Shop for fun cases and protective shells and also benefit from some special deals on the latest Motorola devices. Bluetooth devices are available as well and can be purchased straight from the Motorola online store.
https://www.voucherbox.co.uk/uploads/logos/go-daddy.jpg,https://www.voucherbox.co.uk/vouchers/godaddy,mobile-and-broadband,GoDaddy,Go Daddy will help you get your business started by allowing you to create an online shop or website. The world’s largest domain name registrar also offers a large range of web tools and support options as well as web hosting solutions.
https://www.voucherbox.co.uk/uploads/logos/freemans.jpg,https://www.voucherbox.co.uk/vouchers/freemans,jewellery-and-watches,Freemans,"Freemans has it all. You can find everything from high quality electronics to stunning and fashionable clothing lines there. And, you&#39;ll be able to purchase these excellent products at a reasonable price. Freemans is there for you when you need to get great quality without paying high prices."
https://www.voucherbox.co.uk/uploads/logos/123-reg-co-uk.jpg,https://www.voucherbox.co.uk/vouchers/123-reg-co-uk,mobile-and-broadband,123 reg,"An estimated 1 in 4 .uk domain names are registered via 123-reg.co.uk. The special features of 123-reg are a vast domain portfolio, no hidden prices and free webpage & email forwarding. Bulk discounts are also available."
https://www.voucherbox.co.uk/uploads/logos/ee.jpg,https://www.voucherbox.co.uk/vouchers/ee,mobile-and-broadband,EE,"EE is one of Britain’s leading wireless and internet providers. They offer the most competitive prices on smartphones, smartphone data plans as well as both mobile and home broadband. Get more for less. Choose EE as your #1 provider."
https://www.voucherbox.co.uk/uploads/logos/mobiles-co-uk.jpg,https://www.voucherbox.co.uk/vouchers/mobiles-co-uk,mobile-and-broadband,Mobiles.co.uk,"Mobiles.co.uk offers free phone deals on the latest smartphones. It is an online retailer for Apple iPhone, Samsung and Nokia deals at affordable prices and Pay As You Go which is the no contract and no commitment."
https://www.voucherbox.co.uk/uploads/logos/proporta.jpg,https://www.voucherbox.co.uk/vouchers/proporta,mobile-and-broadband,Proporta,Proporta has got you covered when it comes to many different styles of cases for your technological devices. Shop for hard shells and screen protectors for your latest iPhone of get a case for your tablet from the most well-known technology brands.
https://www.voucherbox.co.uk/uploads/logos/heart-internet.jpg,https://www.voucherbox.co.uk/vouchers/heart-internet,mobile-and-broadband,Heart Internet,"Heart Internet is your destination for reseller hosting, web hosting as well as dedicated servers and VPS. Take your business to the next level my putting these digital services to good use. You will be surprised by the great prices!"
https://www.voucherbox.co.uk/uploads/logos/o2.jpg,https://www.voucherbox.co.uk/vouchers/o2,mobile-and-broadband,O2,"Formed in 2001 and still the top mobile service provider in UK. Their services focus mainly on non-voice options such as text messaging, media sharing, multimedia and data connections. O2 has acquired three-star accreditation through its years of service."
https://www.voucherbox.co.uk/uploads/logos/greatart.jpg,https://www.voucherbox.co.uk/vouchers/greatart,office,GreatArt,"GreatArt is the perfect shop for professional and aspiring artists alike. You’ll find easels, canvases, paints, brushes, pastels, pencils, and many more, all from quality brands. Save up to 90% on over 50k art supplies. Stock up today."
https://www.voucherbox.co.uk/uploads/logos/h-samuel.jpg,https://www.voucherbox.co.uk/vouchers/h-samuel,jewellery-and-watches,H Samuel,"Buy engagement and wedding rings, watches and diamonds online from H Samuel. Buy personalised children&#39;s jewellery, couples jewellery, engraveable jewellery, medical jewellery, initial jewellery and jewellery for mothers and entire families."
https://www.voucherbox.co.uk/uploads/logos/vashi.jpg,https://www.voucherbox.co.uk/vouchers/vashi,jewellery-and-watches,Vashi,"Vashi is a popular jeweller that offers unique engagement rings for your beloved. You can even design your own ring if you wish to make your engagement extra special. The Vashi earrings, wedding rings, necklaces, bracelets and other jewellery designs also sport precious metals and fancy stones that exude an elegant sparkle."
https://www.voucherbox.co.uk/uploads/logos/999inks.jpg,https://www.voucherbox.co.uk/vouchers/999inks,office,999inks,"Whatever printer brand you have, chances are 999inks will have the right type of compatible ink and toner cartridges for you: Brother, HP, Canon, Epson, Lexmark, Dell, Samsung, Xerox, BT, Phillips, Olivetti, Panasonic, Advent, Primera, Sharp, Compaq, Apple and more."
https://www.voucherbox.co.uk/uploads/logos/uk-office-direct.jpg,https://www.voucherbox.co.uk/vouchers/uk-office-direct,office,UK Office Direct,"UK Office Direct can help you increase your productivity at the workplace with its many office products. Shop for paper supplies, office furniture, paper products or office machines. You can even over snacks and coffee for in between here."
https://www.voucherbox.co.uk/uploads/logos/cartridge-monkey.jpg,https://www.voucherbox.co.uk/vouchers/cartridge-monkey,office,Cartridge Monkey,"The Cartridge Monkey online shop makes printing at home more affordable than ever. Find the right ink, toner or paper for your printer. You can even purchase the printers themselves here and get in on some great prices. Solid ink is also available."
https://www.voucherbox.co.uk/uploads/logos/toner-giant.jpg,https://www.voucherbox.co.uk/vouchers/toner-giant,office,Toner Giant,"Toner Giant offers some of the best deals around for all your printing and related needs. Visit store for franking supplies, ink and toner, solid ink, printer, scanners, paper, storage and backup and other high quality low priced supplies."
https://www.voucherbox.co.uk/uploads/logos/euroffice.jpg,https://www.voucherbox.co.uk/vouchers/euroffice,office,Euroffice,"Euroffice is your destinations for office supplies. With a guaranteed price that will not be beaten, you can shop for all the paper products, ink cartridges, toners and even office furniture you need. Make your office a comfortable and productive space!"
https://www.voucherbox.co.uk/uploads/logos/filofax.jpg,https://www.voucherbox.co.uk/vouchers/filofax,office,Filofax,"An organized man is a productive man. Filofax seeks to make this a reality by offering you a range of personal organizational tools such as personal organizer wallets containing additions such as calendars, address books and notes pages."
https://www.voucherbox.co.uk/uploads/logos/printerinks.jpg,https://www.voucherbox.co.uk/vouchers/printerinks,office,Printerinks,"If you are looking for unbeatable prices on ink for your printer, Printerinks is here to bring you just that. Of course, you will also find a large laser toner selection for all kinds of printers here. Chek out the remanufactured printer ink cartridges that Printerinks offers for even bigger and better savings, too!"
https://www.voucherbox.co.uk/uploads/logos/viking.jpg,https://www.voucherbox.co.uk/vouchers/viking,office,Viking,"Viking is your online resource for a wide range of products. Shop for printing paper, toner, ink, furniture and technology related products. Take advantage of sales, great discounts and attractive free gifts on select purchases."
https://www.voucherbox.co.uk/uploads/logos/astley-clarke.jpg,https://www.voucherbox.co.uk/vouchers/astley-clarke,jewellery-and-watches,Astley Clarke,"Fine and contemporary jewellery. If that sounds good to you, you&#39;ll absolutely love the fine selection at Astley Clarke - the beauty and brilliance of their jewellery design will make your jaw drop, or at least everyone else&#39;s when you wear them!"
https://www.voucherbox.co.uk/uploads/logos/medion.jpg,https://www.voucherbox.co.uk/vouchers/medion,technology,MEDION,"The name MEDION stands for quality laptop computers, desktop monitors, PCs and more. If you are looking for a tablet with WiFi or are simply interested in learning more about the latest gadgets, you should also check out this online store."
https://www.voucherbox.co.uk/uploads/logos/the-office-supplies-supermarket.jpg,https://www.voucherbox.co.uk/vouchers/the-office-supplies-supermarket,office,The Office Supplies Supermarket,
https://www.voucherbox.co.uk/uploads/logos/advanced-mp3-players.jpg,https://www.voucherbox.co.uk/vouchers/advanced-mp3-players,technology,Advanced MP3 Players,"Advanced MP3 Players offers products for all music lovers that like to really enjoy their favourite tunes on the go. Find some amazing MP3 players, headphones as well as other gadgets here and make sure that you take advantage of the amazing deals."
https://www.voucherbox.co.uk/uploads/logos/virgin-media.jpg,https://www.voucherbox.co.uk/vouchers/virgin-media,technology,Virgin Media,"Virgin Media is yet another one of Richard Branson’s brainchildren that allows you to enjoy your broadband connection, TV or phone service at a much lower price. Virgin Media even offers you a discount cell phone plan to meet your mobile needs."
https://www.voucherbox.co.uk/uploads/logos/my-memory.jpg,https://www.voucherbox.co.uk/vouchers/my-memory,technology,MyMemory,"If you want to protect yourself against any data loss, you should now shop the My Memory online store. Score some great deals when purchasing memory cards, micro SD cards or USB memory sticks. You will also find other electronics here."
https://www.voucherbox.co.uk/uploads/logos/novatech.jpg,https://www.voucherbox.co.uk/vouchers/novatech,technology,Novatech,"At Novatech you can purchase your own computer or latest gadget, or even find the components to build your own laptop. A full supplier of gadgetry in all shapes and sizes, Novatech has what you need to tinker and tweak your computer to meet your specific needs."
https://www.voucherbox.co.uk/uploads/logos/case-mate.jpg,https://www.voucherbox.co.uk/vouchers/case-mate,technology,Case-Mate,"Case-Mate, the leader in design of fashion-forward premium cases for smartphones and tablets, including iPhone 5, iPhone 4, BlackBerry, HTC, iPad and iPod. There are various patterns, designs and colours to choose from and one will be spoilt for choice."
https://www.voucherbox.co.uk/uploads/logos/ebay.jpg,https://www.voucherbox.co.uk/vouchers/ebay,technology,eBay,"eBay has become one of the most well-known auction platforms on the internet. From used to brand new clothing, beauty items, electronics or even cars, the choice is yours. With thousands of items on sale, this is an online shopping paradise!"
https://www.voucherbox.co.uk/uploads/logos/currys.jpg,https://www.voucherbox.co.uk/vouchers/currys,technology,Currys,"Currys is one of the leading online stores when it comes to small gadgets and appliances in the UK. Whether you are looking for a new toaster or laptop, some of these deals are almost too good to be true. So shop for your favourite electronics now!"
https://www.voucherbox.co.uk/uploads/logos/zavvi.jpg,https://www.voucherbox.co.uk/vouchers/zavvi,technology,Zavvi,"Savvy gamers now visit Zavvi for their console and video game needs. Order DVDs, Blu-rays, toys or gifts and score free delivery across the UK. You can even find a sports and clothing section here. Visit the Zavvi outlet for great deals!"
https://www.voucherbox.co.uk/uploads/logos/robert-dyas.jpg,https://www.voucherbox.co.uk/vouchers/robert-dyas,technology,Robert Dyas,Robert Dyas brings you a ton of “clever solutions for your home and garden”. Outdoor living and gardening just got a whole lot easier thanks to these innovative product selections. Check out the electricals and kitchen supplies as well.
https://www.voucherbox.co.uk/uploads/logos/go-outdoors.jpg,https://www.voucherbox.co.uk/vouchers/go-outdoors,sports-and-outdoor,GO Outdoors,Go Outdoors first began it&#39;s big adventure in 1969. Ever since they&#39;ve grown in popularity due to their incredible customer service and quality products. Go Outdoors knows that when you&#39;re going to go on an adventure in the great outdoors having the right gear is important.
https://www.voucherbox.co.uk/uploads/logos/ao-com.jpg,https://www.voucherbox.co.uk/vouchers/ao-com,technology,ao.com,"ao.com is the UK&#39;s leading appliances retailer, over 300,000 satisfied customers and counting! They offer 24/7 call support with free delivery services within the Metro. Find your quality brands here at very reasonable prices."
https://www.voucherbox.co.uk/uploads/logos/sky-bet.jpg,https://www.voucherbox.co.uk/vouchers/sky-bet,sports-and-outdoor,Sky Bet,"Sky Bet is an online betting site for various live sports worldwide. All betting within Sky Bet policy are legal and accredited. Just log a user name, deposit funds to your account, and you&#39;re ready to bet. Make your sports viewing more exciting by betting online!"
https://www.voucherbox.co.uk/uploads/logos/dell.jpg,https://www.voucherbox.co.uk/vouchers/dell,office,Dell,"When it comes to computers for your home or work, Dell is one of the names to consider. With innovative technologies and an amazing price point, you should definitely check out this online store if you are looking to buy a new PC or tablet."
https://www.voucherbox.co.uk/uploads/logos/ideal-world.jpg,https://www.voucherbox.co.uk/vouchers/ideal-world,technology,Ideal World,"Ideal World has mastered TV and Web retailing. With a rich history of bringing you some of the most innovative must-have products on the market, Ideal World has become a trusted name in the retail business. Tune in and find a unique gift today for you or a friend."
https://www.voucherbox.co.uk/uploads/logos/kitbag.jpg,https://www.voucherbox.co.uk/vouchers/kitbag,sports-and-outdoor,Kitbag,"Sports fans unite! Head over to Kitbag and shop for your favorite jerseys, sports and training shoes, sporting accessories and more, all courtesy of name brands such as Puma, Nike and Adidas. Sign up today and get 5 pounds off your order!"
https://www.voucherbox.co.uk/uploads/logos/probikekit.jpg,https://www.voucherbox.co.uk/vouchers/probikekit,sports-and-outdoor,ProBikeKit,"If you like to spend your free time outside and on your bike, check out what the road cycling experts at ProBikeKit have in store for you. From bikes and frames to clothing and nutrition items, you will be set for your next bike tour."
https://www.voucherbox.co.uk/uploads/logos/millets.jpg,https://www.voucherbox.co.uk/vouchers/millets,sports-and-outdoor,Millets,Outdoor adventure! Do you have all the equipment and apparel you need for the hike? Visit Millets to find big-time deals for your outdoor adventure equipment. At Millets you can rest assured that the gear is high quality and affordable.
https://www.voucherbox.co.uk/uploads/logos/underu.jpg,https://www.voucherbox.co.uk/vouchers/underu,sports-and-outdoor,UnderU,UnderU is the designer online store for men’s underwear as well as flattering swimwear. You can even find clothing and accessories that perfectly suit your style. Shop for the matching socks or browse the outlet for some fabulous fashion deals.
https://www.voucherbox.co.uk/uploads/logos/monster-supplements.jpg,https://www.voucherbox.co.uk/vouchers/monster-supplements,sports-and-outdoor,Monster Supplements,"Get affordable body building and fat burning supplements thanks to Monster Supplements, an online store that provides you with an extensive catalogue of more than 70 of the best brands in the market at fair prices at the best value."
https://www.voucherbox.co.uk/uploads/logos/the-protein-works.jpg,https://www.voucherbox.co.uk/vouchers/the-protein-works,sports-and-outdoor,The Protein Works,"The Protein Works is an innovative online nutritional products shop offering an extensive line of protein powders, pills and snacks. Whether you want to build endurance, burn fat, bulk up or gain body power, The Protein Works has products for you."
https://www.voucherbox.co.uk/uploads/logos/mountain-warehouse.jpg,https://www.voucherbox.co.uk/vouchers/mountain-warehouse,sports-and-outdoor,Mountain Warehouse,"Looking for quality outdoor accessories? Look no further than Mountain Warehouse, a store offering you an array of men&#39;s, women&#39;s and children&#39;s wear. Some of the available items include jackets, tops, fleece, camping gear, running and fishing gear."
https://www.voucherbox.co.uk/uploads/logos/optimum-nutrition.jpg,https://www.voucherbox.co.uk/vouchers/optimum-nutrition,sports-and-outdoor,Optimum Nutrition,"Optimum Nutrition is a creator of 100% whey protein, pro complex, diet products, strength and recovery supplements, and more. If you would like to build some bulk and muscle fibre, then check out Optimum Nutrition retailer today."
https://www.voucherbox.co.uk/uploads/logos/reebok.jpg,https://www.voucherbox.co.uk/vouchers/reebok,sports-and-outdoor,Reebok,"Reebok is a name that can be trusted in athletic footwear and apparel. One of the global leaders in the market, Reebok has many loyal customers that use their products to get active and stay fit. Reebok is here to help you get out and play. "
https://www.voucherbox.co.uk/uploads/logos/looking4parking.jpg,https://www.voucherbox.co.uk/vouchers/looking4parking,travel,Looking4Parking,"Looking to compare parking prices in the UK? Check out Looking4Parking and save up to 60 percent on parking charges. Access cheap airport parking in airports across the U.K, Ireland and Spain and get 5 percent off by liking their Facebook page"
https://www.voucherbox.co.uk/uploads/logos/purple-parking.jpg,https://www.voucherbox.co.uk/vouchers/purple-parking,travel,Purple Parking,"Need parking services at the Heathrow airport? With Purple Parking, your car is protected by the latest 24 hour security surveillance. Purple Parking is your place to save money and find peace of mind, knowing your car is secure and your wallet is happy."
https://www.voucherbox.co.uk/uploads/logos/slendertone.jpg,https://www.voucherbox.co.uk/vouchers/slendertone,sports-and-outdoor,Slendertone,Slendertone is here to support you with your desire to maintain a lean figure and some incredible abs. These toning products for men and women can now be your secret weapon on your way to that body you have long been dreaming about.
https://www.voucherbox.co.uk/uploads/logos/resorthoppa.jpg,https://www.voucherbox.co.uk/vouchers/hoppa,travel,hoppa,"hoppa offers you low cost worldwide airport transfers in order to make your travels more convenient and comfortable. Whether you&#39;re looking for a bus for a large group or taxi transportation for one, hoppa has you covered."
https://www.voucherbox.co.uk/uploads/logos/decathlon.jpg,https://www.voucherbox.co.uk/vouchers/decathlon,sports-and-outdoor,Decathlon,"At the Decathlon online store, you can shop for trainers, sports gear and apparel. From cycling shorts to bike locks, fleeces, camping chairs and surf equipment, you should be able to find what you are looking for here. Also check out the Decathlon sale if you would like to save even more money at this online store."
https://www.voucherbox.co.uk/uploads/logos/treatwell.jpg,https://www.voucherbox.co.uk/vouchers/treatwell,travel,Treatwell,"Treatwell (formerly Wahanda) helps you look and feel your stunning best with a variety of services. You can pamper yourself or a loved one with their many services that include spa treatments, facials, pedicures and much more! When you need a treat, then look no further than Treatwell."
https://www.voucherbox.co.uk/uploads/logos/amazon.jpg,https://www.voucherbox.co.uk/vouchers/amazon,books-and-magazines,Amazon,"Amazon is no longer just an online retailer for books, DVDs, CDs or music. You can now also browse the latest in fashion, household items, jewellery or technology here. Trade-in your old books for some cash or download an eBook instantly."
https://www.voucherbox.co.uk/uploads/logos/bulkpowders.jpg,https://www.voucherbox.co.uk/vouchers/bulkpowders,sports-and-outdoor,Bulk Powders,"BulkPowders is your destination for high quality body building supplements. If you want to increase your performance, you can now rely on these sports nutrition products as well as whey proteins and earn some great rewards while shopping!"
https://www.voucherbox.co.uk/uploads/logos/hotels-com.jpg,https://www.voucherbox.co.uk/vouchers/hotels-com,travel,Hotels.com,"If you are looking to book your next vacation at a fraction of the cost, Hotels.com is your go to travel agency online. Find some great hotel deals all over the world and collect 10 nights in order to get 1 free with the Hotels.com rewards program."
https://www.voucherbox.co.uk/uploads/logos/isubscribe.jpg,https://www.voucherbox.co.uk/vouchers/isubscribe,books-and-magazines,iSubscribe,"iSubscribe offers you magazine subscriptions online, which you can also purchase as a gift. From cooking and art to family, fashion and beauty as well as computer magazines, there is something for every taste here. Make sure to pay attention to the special offers for an awesome gift with purchase as well."
https://www.voucherbox.co.uk/uploads/logos/karhoo.jpg,https://www.voucherbox.co.uk/vouchers/karhoo,travel,Karhoo,"If you need to book a taxi, Karhoo is the only service you’ll need. The ride comparison app lets you evaluate various fleets and private hire services, and book that which suits your requirements. Choose budget or luxury rides, find out which vehicle will get to you fastest and find out exactly what you will be paying in the end."
https://www.voucherbox.co.uk/uploads/logos/lonely-planet-shop.jpg,https://www.voucherbox.co.uk/vouchers/lonely-planet-shop,books-and-magazines,Lonely Planet,"The Lonely Planet Shop is the #1 travel publisher, printing over one million travel eBooks, books and guides in different languages by over 200 authors to date. Lonely Planet Shop has been around for over 40 years and is now a global brand with partner BBC Worldwide."
https://www.voucherbox.co.uk/uploads/logos/waterstones.jpg,https://www.voucherbox.co.uk/vouchers/waterstones,books-and-magazines,Waterstones,"Waterstones is not only your local bookshop, but you can browse the bestsellers and download eBooks online. Save big when you opt for used books or purchase textbooks for school at discounted prices. The children’s books are a hit with parents."
https://www.voucherbox.co.uk/uploads/logos/blurb.jpg,https://www.voucherbox.co.uk/vouchers/blurb,books-and-magazines,Blurb,"Blurb is a company that shares your enthusiasm with books. It&#39;s an online book-making company for potential authors. You can make your own book, design it and become an author. With a user friendly interface, you&#39;ll be an author in no time!"
https://www.voucherbox.co.uk/uploads/logos/tesco-direct.jpg,https://www.voucherbox.co.uk/vouchers/tesco-direct,books-and-magazines,Tesco Direct,"Tesco Direct allows you to easily shop for toys, books, gifts, clothing and jewellery from the comfort of your home. At this one-stop-shop, you can also discover some great gaming and entertainment products, home and garden items or party ideas.

 "
https://www.voucherbox.co.uk/uploads/logos/vistaprint.jpg,https://www.voucherbox.co.uk/vouchers/vistaprint,photography-and-print,Vistaprint,"If you need flyers printed, or business cards, or if you have any other marketing, photo, or card-printing needs, you can find help at VistaPrint! They offer high quality printing services, fulfilled online and sent directly to your doorstep."
https://www.voucherbox.co.uk/uploads/logos/the-book-people.jpg,https://www.voucherbox.co.uk/vouchers/the-book-people,books-and-magazines,The Book People,"Bookpeople.co.uk make buying books online into a rather affordable venture. You will not only find the latest bestsellers here, but also a wide range of fiction, cookbooks, children’s books or eBooks that you can download and thus enjoy immediately."
https://www.voucherbox.co.uk/uploads/logos/i-love-wallpaper.jpg,https://www.voucherbox.co.uk/vouchers/i-love-wallpaper,photography-and-print,I Love Wallpaper,"Wallpaper used to be boring. Now it&#39;s one of the best ways to spice up your home! With vibrant colors, designs, and high quality prints, I Love Wallpaper will help you bring your home to a new level of inspiration!"
https://www.voucherbox.co.uk/uploads/logos/thomas-cook.jpg,https://www.voucherbox.co.uk/vouchers/thomas-cook,travel,Thomas Cook,"Thomas Cook is a travel booking website that can get you where you want to go. You can find flights and hotels for your usual travels plans. Or, you can plan your next ski trip or cruise for an upcoming holiday. The options are limitless with Thomas Cook. Plan your next getaway today."
https://www.voucherbox.co.uk/uploads/logos/mybag-com.jpg,https://www.voucherbox.co.uk/vouchers/mybag-com,travel,MyBag,"Mybag.com is the online boutique for women’s handbags and bags that will look great with every outfit. From vintage bags to some real statement pieces, you will find many high end UK and international brands as well as collectors’ items here."
https://www.voucherbox.co.uk/uploads/logos/matalan.jpg,https://www.voucherbox.co.uk/vouchers/matalan,fashion,Matalan,"Matalan is a fashion outlet that offers everything you want style-wise - men&#39;s women&#39;s, boys and girls fashion clothing, from shoes and socks to ties and cufflinks, and of course, so much more. Head over to find great savings and upscale quality."
https://www.voucherbox.co.uk/uploads/logos/thehut-com.jpg,https://www.voucherbox.co.uk/vouchers/thehut-com,fashion,The Hut,"TheHut.com brings you some of the best brands in the world of beauty, clothing and gifts. However, the online department store also carries homegoods, electricals, DVDs and even toys. Find something to suit your taste as well as your budget!"
https://www.voucherbox.co.uk/uploads/logos/schuh.jpg,https://www.voucherbox.co.uk/vouchers/schuh,fashion,Schuh,"Schuh. That&#39;s the sound you&#39;ll probably make when you see these shoe deals, or something like that. Then you&#39;ll realize it isn&#39;t a joke, and you&#39;ll be blown away by the great deals on your favorite shoe brands - shop smart at Schuh!"
https://www.voucherbox.co.uk/uploads/logos/zazzle.jpg,https://www.voucherbox.co.uk/vouchers/zazzle,photography-and-print,Zazzle,"Zazzle is an online craft shop that offers customized apparels. Here, your personal preferences are important and your customized products are valued. The company values their employees as they believe that they are Zazzle&#39;s greatest asset."
https://www.voucherbox.co.uk/uploads/logos/identity-direct.jpg,https://www.voucherbox.co.uk/vouchers/identity-direct,books-and-magazines,Identity Direct,"Identity Direct can make you a favourite among kids. Their wide range of personalised kids items are loved by children of all ages. Order personalised books, school supplies, labels, lunch boxes, bottles, gifts, toys and home stuff."
https://www.voucherbox.co.uk/uploads/logos/dorothy-perkins.jpg,https://www.voucherbox.co.uk/vouchers/dorothy-perkins,fashion,Dorothy Perkins,"Dorothy Perkins sells trendy fashions with a youthful appeal. Choose among the dresses, shoes and accessories to reinvent your style. Even if you are sporting a petite frame, you will find the latest designs that will fit you fabulously here.

 "
https://www.voucherbox.co.uk/uploads/logos/adidas.jpg,https://www.voucherbox.co.uk/vouchers/adidas,fashion,adidas,"adidas has a long-lived reputation for quality in the sport&#39;s gear arena. As an sports player you know that the technology, design, and innovation of adidas products is enough to keep the world coming back for more - and the online shopping experience is the same."
https://www.voucherbox.co.uk/uploads/logos/wallis.jpg,https://www.voucherbox.co.uk/vouchers/wallis,fashion,Wallis,"Shop the latest dresses, tops, trousers and knitwear from Wallis&#39; womens clothing collection - petite to plus size is available for women of various figures. Wallis has a safe and secure shipping cart and payment gateway to accept credit cards."
https://www.voucherbox.co.uk/uploads/logos/joules.jpg,https://www.voucherbox.co.uk/vouchers/joules,fashion,Joules,"Joules introduces its customers to the world of fashion as well as providing them with some stylish items for their home. Choose from the women’s, men’s and even children’s collection in order to leave your whole family looking trendy. "
https://www.voucherbox.co.uk/uploads/logos/marisota.jpg,https://www.voucherbox.co.uk/vouchers/marisota,fashion,Marisota,"If you are a curvy woman that likes to dress to the nines, Marisota is just the online store for you. Here, you can choose from the latest plus size clothing trends or purchase cool footwear, lingerie and accessories to complete your hip outfit."
https://www.voucherbox.co.uk/uploads/logos/24studio.jpg,https://www.voucherbox.co.uk/vouchers/24studio,fashion,24Studio,"Do you need to find a gift for a loved one, or even yourself? Here, we have it all; the latest gadgets, toys, confectionery, branded clothing, jewellery, innovative gifts - many of which are offered at half price or less."
https://www.voucherbox.co.uk/uploads/logos/skate-hut.jpg,https://www.voucherbox.co.uk/vouchers/skate-hut,fashion,Skate Hut,"Skate Hut is a one stop shop for all of your skating needs. Fully stocked with skateboards, scooters, and quad skates, you&#39;ll be sure to find what you&#39;re looking for. You could also enjoy their free delivery on your order. Roll on over to Skate Hut for all of your skating supplies."
https://www.voucherbox.co.uk/uploads/logos/ann-summers.jpg,https://www.voucherbox.co.uk/vouchers/ann-summers,fashion,Ann Summers,"Give in to temptation with Ann Summers – find seductive lingerie, adult toys, men&#39;s fancy dress, bondage, oils, lubes, stimulants and aphrodisiacs, the Rampant Rabbit, dress up collections, naughty and edible gifts and a whole lot more at Ann Summers."
https://www.voucherbox.co.uk/uploads/logos/mymemory-photo.jpg,https://www.voucherbox.co.uk/vouchers/huggler,flowers-and-gifts,Huggler,"Huggler offers affordable custom designs on a variety of products. For as low as £0.08, you can create beautiful cards, photobooks, notebooks, calendars, posters, and prints featuring your own custom photos or design. Design yours today!"
https://www.voucherbox.co.uk/uploads/logos/wordery.jpg,https://www.voucherbox.co.uk/vouchers/wordery,books-and-magazines,Wordery,"Wordery is one of the largest independent online book stores in all of the UK. From children’s books to books that adults will enjoy, Wordery has it all and strives to offer you the lowest possible prices while also offering the best possible customer service. You can even get free worldwide delivery with any Wordery order."
https://www.voucherbox.co.uk/uploads/logos/truprint.jpg,https://www.voucherbox.co.uk/vouchers/truprint,flowers-and-gifts,Truprint,"Discover Truprint to get photo prints, gifts and enjoy: free, unlimited photo upload and storage; full range of print sizes and styles and simple to use photo gift create tools. You can also download the Truprint App on your iPhone or Android mobile."
https://www.voucherbox.co.uk/uploads/logos/snapfish.jpg,https://www.voucherbox.co.uk/vouchers/snapfish,photography-and-print,Snapfish,"Snapfish UK is a leading online photo printing service. Our members can store, share and print their most precious photo memories and turn them into magnificent keepsakes at very competitive prices. Snapfish does not only offer professionally-developed prints, photo books, canvas, personalised photo gifts and cards but also handy tips and ideas, regular offers and so much more."
https://www.voucherbox.co.uk/uploads/logos/the-works.jpg,https://www.voucherbox.co.uk/vouchers/the-works,flowers-and-gifts,The Works,"The Works is an online discount bookstore that also carries cheap toys, arts and craft supplies as well as games for your entertainment. The DVDs, CDs and audio books also make for great gift ideas. Amazing discounts are assured here as well!"
https://www.voucherbox.co.uk/uploads/logos/h-m.jpg,https://www.voucherbox.co.uk/vouchers/h-m,fashion,H&M,"H&M is one of the most well-known young fashion brands in the world. Here, you can find trendy apparel for your entire family as well as chic home goods. High-end designers cooperate with H&M on a regular basis to bring you affordable styles."
https://www.voucherbox.co.uk/uploads/logos/the-brilliant-giftshop.jpg,https://www.voucherbox.co.uk/vouchers/the-brilliant-giftshop,flowers-and-gifts,Brilliant Giftshop,"Head over to The Brilliant Gift Shop and choose from their massive catalogue of items such as toys, perfumes,mobile phones, tablets and clothing. Get 10 percent off your first order on selected items and choose from hundreds of top brands today!"
https://www.voucherbox.co.uk/uploads/logos/argento.jpg,https://www.voucherbox.co.uk/vouchers/argento,flowers-and-gifts,Argento,"Discover Argento, the official stockists of Pandora, Nomination and Thomas Sabo jewellery. Browse the wide selection of fashion and luxury jewellery by top designers alike. Many accessories and jewellery can be purchased for your loved ones. Give presents to close friends."
https://www.voucherbox.co.uk/uploads/logos/easylife-group.jpg,https://www.voucherbox.co.uk/vouchers/easylife-group,flowers-and-gifts,Easylife,Easylife Group provides a huge range of gadgets for the home. Catalogue shopping online has never been easier. Many household products are on sale at discount prices from Easylife! Check out the website today and you may find something that you need.
https://www.voucherbox.co.uk/uploads/logos/getting-personal.jpg,https://www.voucherbox.co.uk/vouchers/getting-personal,flowers-and-gifts,Getting Personal,"There&#39;s nothing quite like the personalised gift. It will be remembered for years to come. Getting Personal understands this, and can help you give a gift that will always have a special place in your loved ones hearts. Give a personal gift for those you love with Getting Personal."
https://www.voucherbox.co.uk/uploads/logos/blue-nile.jpg,https://www.voucherbox.co.uk/vouchers/blue-nile,flowers-and-gifts,Blue Nile,"Find fine jewellery, diamonds, gems and more at Blue Nile! Free FedEx delivery. Shop for colour, clarity, carat and cut of amazing gemstones for your someone special on his or her birthday. Or celebrate your wedding anniversary with something opulent."
https://www.voucherbox.co.uk/uploads/logos/m-and-m-direct.jpg,https://www.voucherbox.co.uk/vouchers/m-and-m-direct,fashion,M and M Direct,"The M and M Direct online store consists of big brands at low prices. The focus of the store is on clothing for men, women and children as well as foot and sportswear. You might even score savings of up to 75%!"
https://www.voucherbox.co.uk/uploads/logos/hobbycraft.jpg,https://www.voucherbox.co.uk/vouchers/hobbycraft,flowers-and-gifts,Hobbycraft,Hobby Craft believes that nothing has the same personal touch as something that&#39;s handmade. That&#39;s why they supply you the tools and materials you&#39;ll need for a wide range of craft products. With everything in one place you can soon start the next project you had in mind.
https://www.voucherbox.co.uk/uploads/logos/marks-and-spencer.jpg,https://www.voucherbox.co.uk/vouchers/marks-and-spencer,flowers-and-gifts,Marks & Spencer,"Marks & Spencer is not only a household name in the UK, but you can now also visit the online store to purchase fresh food items and have them delivered straight to your door. In addition, you will find current fashion and beauty trends here also."
https://www.voucherbox.co.uk/uploads/logos/internet-gift-store.jpg,https://www.voucherbox.co.uk/vouchers/internet-gift-store,flowers-and-gifts,Internet Gift Store,"The Internet Gift Store is known for its unique present ideas, some of which you can even personalise. There is something here for every occasion and next day delivery is available as well. Thanks to the price match guarantee, which states that the Internet Gift Store will beat any price, you can shop gifts for less."
https://www.voucherbox.co.uk/uploads/logos/pizza-hut-delivery.jpg,https://www.voucherbox.co.uk/vouchers/pizza-hut-delivery,food-and-drink,Pizza Hut,"Pizza Hut Delivery is one of the U.K&#39;s top pizza delivery companies offering you unmatched convenience and a wide selection of different types of pizzas, drinks and a selection of extensive dine-in selections close to your location."
https://www.voucherbox.co.uk/uploads/logos/graze.jpg,https://www.voucherbox.co.uk/vouchers/graze,food-and-drink,Graze,"The makers of the graze box, Graze took eating to healthier levels by creating tempting snacks with natural ingredients. Keitt mango, Chilean raisins, and flapjacks from a family recipe - Graze invites everybody to eat healthy!"
https://www.voucherbox.co.uk/uploads/logos/papa-john-s.jpg,https://www.voucherbox.co.uk/vouchers/papa-john-s,food-and-drink,Papa Johns,Papa John’s is the byword for quality pizzas in the UK. Order online and get free delivery to your doorstep. Pick an outlet closest to you from the store locator and enjoy great deals and discounts from Papa John’s.
https://www.voucherbox.co.uk/uploads/logos/hungry-horse.jpg,https://www.voucherbox.co.uk/vouchers/hungry-horse,food-and-drink,Hungry Horse,"Hungry Horse is a value pub for your entire family. Check out the entire food and drink menu at Hungry Horse online and discover special deals along with the kids menu. If you would like, you can even become a Hungry Horse card member in order to benefit from a free drink on your birthday along with other perks."
https://www.voucherbox.co.uk/uploads/logos/domino-s-pizza.jpg,https://www.voucherbox.co.uk/vouchers/domino-s-pizza,food-and-drink,Dominos,"Domino&#39;s Pizza is an American restaurant chain and a huge international corporation in the pizza franchise delivery industry. Enjoy mouth watering platters including chicken, sandwiches, pasta and especially - pizza, at an affordable cost. Only at Domino&#39;s."
https://www.voucherbox.co.uk/uploads/logos/tesco.jpg,https://www.voucherbox.co.uk/vouchers/tesco,food-and-drink,Tesco,"As one of the most successful grocery chains in the UK, Tesco now gives its customers the option to purchase all their grocery and produce needs online. You can even shop fresh meats here or order a delectable cake for your next tea party!"
https://www.voucherbox.co.uk/uploads/logos/frankie-and-benny-s.jpg,https://www.voucherbox.co.uk/vouchers/frankie-and-benny-s,food-and-drink,Frankie and Bennys,Frankie and Benny&#39;s is a chain of Italian-American restaurants in the UK that has multiple branches nationwide. They offer on day special treats that are only viewable within their website. Experience true Italian-american dining at Frankie and Benny&#39;s!
https://www.voucherbox.co.uk/uploads/logos/gousto.jpg,https://www.voucherbox.co.uk/vouchers/gousto,food-and-drink,Gousto,"Gousto provides the most convenient way to cook dinner. It’s so simple! Select a box size, choose your recipes, wait for the ingredients and directions to be delivered to your door, and cook! Dinner has never been this easy."
